swap_id,proposer_email,counterparty_rating
2,usr002@gt.edu,3
3,usr002@gt.edu,4
8,usr004@gt.edu,1
12,usr004@gt.edu,1
17,usr006@gt.edu,1
22,usr006@gt.edu,5
25,usr007@gt.edu,3
27,usr007@gt.edu,5
28,usr008@gt.edu,3
36,usr009@gt.edu,3
38,usr010@gt.edu,4
39,usr010@gt.edu,5
42,usr010@gt.edu,4
46,usr011@gt.edu,3
49,usr012@gt.edu,4
50,usr012@gt.edu,1
51,usr012@gt.edu,5
57,usr014@gt.edu,5
58,usr014@gt.edu,2
59,usr015@gt.edu,3
60,usr015@gt.edu,1
62,usr015@gt.edu,2
63,usr016@gt.edu,5
64,usr016@gt.edu,5
66,usr017@gt.edu,5
67,usr017@gt.edu,5
68,usr017@gt.edu,1
70,usr018@gt.edu,5
75,usr019@gt.edu,3
78,usr020@gt.edu,4
80,usr021@gt.edu,1
81,usr022@gt.edu,3
84,usr023@gt.edu,1
86,usr023@gt.edu,3
87,usr023@gt.edu,4
89,usr024@gt.edu,2
90,usr024@gt.edu,1
93,usr026@gt.edu,1
94,usr026@gt.edu,5
96,usr026@gt.edu,4
99,usr027@gt.edu,5
101,usr028@gt.edu,2
102,usr028@gt.edu,1
106,usr029@gt.edu,5
109,usr029@gt.edu,3
110,usr029@gt.edu,5
115,usr030@gt.edu,3
116,usr030@gt.edu,3
118,usr031@gt.edu,1
121,usr031@gt.edu,2
122,usr032@gt.edu,3
123,usr032@gt.edu,4
125,usr033@gt.edu,5
126,usr033@gt.edu,1
128,usr035@gt.edu,1
131,usr036@gt.edu,3
140,usr038@gt.edu,2
146,usr040@gt.edu,2
154,usr042@gt.edu,2
157,usr042@gt.edu,2
158,usr043@gt.edu,5
164,usr045@gt.edu,4
166,usr045@gt.edu,4
167,usr046@gt.edu,2
170,usr046@gt.edu,1
178,usr048@gt.edu,3
180,usr049@gt.edu,3
183,usr050@gt.edu,1
187,usr050@gt.edu,1
192,usr051@gt.edu,1
196,usr052@gt.edu,4
197,usr053@gt.edu,5
198,usr053@gt.edu,4
201,usr054@gt.edu,1
208,usr057@gt.edu,4
214,usr059@gt.edu,5
217,usr060@gt.edu,1
218,usr060@gt.edu,3
219,usr060@gt.edu,5
220,usr060@gt.edu,2
222,usr061@gt.edu,1
224,usr062@gt.edu,4
227,usr063@gt.edu,2
228,usr063@gt.edu,1
233,usr064@gt.edu,3
237,usr065@gt.edu,3
242,usr067@gt.edu,5
256,usr070@gt.edu,4
258,usr071@gt.edu,3
261,usr072@gt.edu,2
265,usr074@gt.edu,1
268,usr074@gt.edu,1
270,usr075@gt.edu,2
273,usr076@gt.edu,5
282,usr079@gt.edu,5
285,usr079@gt.edu,4
294,usr081@gt.edu,3
295,usr081@gt.edu,4
296,usr082@gt.edu,1
305,usr084@gt.edu,5
308,usr085@gt.edu,1
316,usr087@gt.edu,2
324,usr090@gt.edu,4
326,usr090@gt.edu,2
333,usr092@gt.edu,3
334,usr092@gt.edu,3
335,usr092@gt.edu,5
336,usr093@gt.edu,3
337,usr093@gt.edu,4
338,usr094@gt.edu,3
342,usr095@gt.edu,4
344,usr096@gt.edu,2
347,usr097@gt.edu,4
350,usr097@gt.edu,3
351,usr097@gt.edu,1
352,usr098@gt.edu,4
354,usr098@gt.edu,5
355,usr098@gt.edu,2
356,usr098@gt.edu,4
357,usr099@gt.edu,1
361,usr100@gt.edu,2
363,usr101@gt.edu,3
365,usr101@gt.edu,2
369,usr102@gt.edu,4
371,usr103@gt.edu,3
372,usr103@gt.edu,5
373,usr104@gt.edu,5
375,usr104@gt.edu,3
377,usr105@gt.edu,3
378,usr105@gt.edu,2
381,usr106@gt.edu,5
382,usr107@gt.edu,4
383,usr107@gt.edu,3
384,usr108@gt.edu,1
393,usr110@gt.edu,5
395,usr111@gt.edu,5
396,usr111@gt.edu,5
397,usr111@gt.edu,3
399,usr112@gt.edu,4
400,usr113@gt.edu,5
408,usr116@gt.edu,3
411,usr117@gt.edu,3
414,usr119@gt.edu,4
415,usr119@gt.edu,3
418,usr120@gt.edu,5
420,usr120@gt.edu,5
422,usr121@gt.edu,3
427,usr123@gt.edu,2
428,usr123@gt.edu,3
429,usr123@gt.edu,2
431,usr124@gt.edu,2
432,usr124@gt.edu,1
433,usr125@gt.edu,2
438,usr126@gt.edu,2
442,usr127@gt.edu,2
444,usr128@gt.edu,1
446,usr128@gt.edu,5
451,usr129@gt.edu,1
452,usr129@gt.edu,5
453,usr130@gt.edu,3
454,usr130@gt.edu,3
459,usr132@gt.edu,1
467,usr133@gt.edu,4
469,usr133@gt.edu,1
472,usr134@gt.edu,2
473,usr135@gt.edu,5
474,usr135@gt.edu,4
475,usr135@gt.edu,5
477,usr136@gt.edu,4
478,usr136@gt.edu,3
480,usr137@gt.edu,3
482,usr137@gt.edu,2
483,usr138@gt.edu,5
488,usr139@gt.edu,3
490,usr140@gt.edu,1
493,usr141@gt.edu,2
496,usr141@gt.edu,5
497,usr141@gt.edu,2
500,usr142@gt.edu,1
503,usr143@gt.edu,5
504,usr143@gt.edu,1
505,usr144@gt.edu,1
506,usr144@gt.edu,4
510,usr145@gt.edu,3
511,usr145@gt.edu,2
520,usr147@gt.edu,2
523,usr147@gt.edu,4
524,usr148@gt.edu,5
526,usr148@gt.edu,5
535,usr151@gt.edu,2
538,usr152@gt.edu,1
539,usr152@gt.edu,3
540,usr152@gt.edu,3
542,usr153@gt.edu,4
544,usr153@gt.edu,4
545,usr153@gt.edu,1
547,usr153@gt.edu,1
548,usr154@gt.edu,4
551,usr155@gt.edu,1
552,usr155@gt.edu,3
554,usr156@gt.edu,5
555,usr156@gt.edu,3
556,usr157@gt.edu,5
562,usr158@gt.edu,1
570,usr159@gt.edu,4
576,usr161@gt.edu,4
577,usr161@gt.edu,4
579,usr162@gt.edu,5
584,usr163@gt.edu,3
585,usr163@gt.edu,2
586,usr163@gt.edu,2
594,usr166@gt.edu,1
598,usr167@gt.edu,1
599,usr167@gt.edu,4
601,usr168@gt.edu,3
602,usr168@gt.edu,2
605,usr169@gt.edu,1
607,usr170@gt.edu,1
609,usr170@gt.edu,3
617,usr172@gt.edu,3
620,usr173@gt.edu,2
621,usr173@gt.edu,4
623,usr173@gt.edu,2
624,usr174@gt.edu,4
626,usr174@gt.edu,3
628,usr174@gt.edu,1
629,usr175@gt.edu,3
633,usr176@gt.edu,3
637,usr177@gt.edu,4
641,usr178@gt.edu,1
644,usr179@gt.edu,5
646,usr180@gt.edu,2
650,usr181@gt.edu,3
658,usr184@gt.edu,5
663,usr186@gt.edu,3
667,usr187@gt.edu,2
671,usr188@gt.edu,3
675,usr189@gt.edu,5
676,usr190@gt.edu,5
677,usr190@gt.edu,3
678,usr190@gt.edu,1
680,usr191@gt.edu,4
683,usr192@gt.edu,3
684,usr192@gt.edu,1
686,usr193@gt.edu,1
688,usr194@gt.edu,4
689,usr194@gt.edu,5
691,usr194@gt.edu,1
698,usr196@gt.edu,3
699,usr197@gt.edu,3
702,usr198@gt.edu,2
708,usr199@gt.edu,2
712,usr200@gt.edu,3
717,usr202@gt.edu,1
718,usr202@gt.edu,5
721,usr202@gt.edu,3
722,usr202@gt.edu,2
724,usr203@gt.edu,4
725,usr203@gt.edu,3
729,usr204@gt.edu,4
737,usr208@gt.edu,1
738,usr208@gt.edu,1
739,usr208@gt.edu,2
742,usr209@gt.edu,2
743,usr210@gt.edu,2
744,usr210@gt.edu,5
745,usr211@gt.edu,5
747,usr211@gt.edu,1
748,usr212@gt.edu,4
755,usr214@gt.edu,4
756,usr214@gt.edu,4
757,usr214@gt.edu,2
760,usr215@gt.edu,3
763,usr216@gt.edu,1
764,usr217@gt.edu,4
767,usr217@gt.edu,4
768,usr217@gt.edu,4
772,usr218@gt.edu,1
773,usr219@gt.edu,4
774,usr219@gt.edu,3
775,usr219@gt.edu,3
776,usr219@gt.edu,2
780,usr220@gt.edu,1
781,usr220@gt.edu,3
782,usr220@gt.edu,1
783,usr221@gt.edu,1
786,usr221@gt.edu,2
787,usr222@gt.edu,2
788,usr222@gt.edu,1
793,usr223@gt.edu,2
794,usr223@gt.edu,3
795,usr223@gt.edu,3
796,usr223@gt.edu,5
797,usr223@gt.edu,1
801,usr225@gt.edu,3
810,usr228@gt.edu,3
814,usr228@gt.edu,2
815,usr229@gt.edu,5
817,usr229@gt.edu,1
823,usr230@gt.edu,2
827,usr232@gt.edu,5
828,usr232@gt.edu,2
829,usr232@gt.edu,2
830,usr232@gt.edu,2
832,usr233@gt.edu,5
836,usr234@gt.edu,4
837,usr235@gt.edu,5
838,usr235@gt.edu,1
839,usr236@gt.edu,1
840,usr236@gt.edu,5
843,usr237@gt.edu,1
848,usr238@gt.edu,5
854,usr240@gt.edu,3
857,usr241@gt.edu,3
859,usr241@gt.edu,3
862,usr242@gt.edu,5
863,usr242@gt.edu,4
872,usr245@gt.edu,2
873,usr245@gt.edu,3
875,usr246@gt.edu,3
881,usr247@gt.edu,3
883,usr248@gt.edu,1
884,usr248@gt.edu,1
895,usr251@gt.edu,4
896,usr251@gt.edu,5
901,usr253@gt.edu,3
906,usr254@gt.edu,1
912,usr255@gt.edu,3
913,usr255@gt.edu,5
914,usr255@gt.edu,4
919,usr257@gt.edu,4
922,usr257@gt.edu,1
923,usr258@gt.edu,5
926,usr258@gt.edu,4
933,usr260@gt.edu,1
940,usr263@gt.edu,1
941,usr263@gt.edu,4
943,usr264@gt.edu,5
949,usr266@gt.edu,1
950,usr267@gt.edu,2
951,usr267@gt.edu,1
952,usr267@gt.edu,5
953,usr267@gt.edu,2
955,usr268@gt.edu,4
962,usr271@gt.edu,4
965,usr271@gt.edu,4
968,usr272@gt.edu,2
969,usr272@gt.edu,5
970,usr272@gt.edu,3
975,usr274@gt.edu,5
978,usr276@gt.edu,2
980,usr277@gt.edu,4
981,usr277@gt.edu,2
992,usr280@gt.edu,2
993,usr280@gt.edu,1
994,usr281@gt.edu,4
998,usr282@gt.edu,5
1002,usr283@gt.edu,3
1003,usr284@gt.edu,3
1015,usr288@gt.edu,1
1016,usr288@gt.edu,5
1017,usr288@gt.edu,3
1018,usr288@gt.edu,5
1019,usr289@gt.edu,1
1023,usr290@gt.edu,5
1024,usr291@gt.edu,5
1025,usr291@gt.edu,3
1029,usr293@gt.edu,1
1030,usr294@gt.edu,3
1031,usr294@gt.edu,5
1032,usr294@gt.edu,2
1038,usr295@gt.edu,1
1042,usr296@gt.edu,4
1044,usr297@gt.edu,5
1047,usr298@gt.edu,3
1050,usr299@gt.edu,4
1053,usr300@gt.edu,2
1054,usr300@gt.edu,1
1058,usr301@gt.edu,1
1062,usr302@gt.edu,5
1065,usr304@gt.edu,1
1066,usr304@gt.edu,4
1071,usr305@gt.edu,5
1073,usr305@gt.edu,5
1081,usr309@gt.edu,1
1083,usr309@gt.edu,5
1085,usr309@gt.edu,1
1101,usr312@gt.edu,5
1102,usr313@gt.edu,5
1105,usr314@gt.edu,1
1110,usr315@gt.edu,1
1111,usr315@gt.edu,2
1118,usr317@gt.edu,3
1119,usr317@gt.edu,2
1126,usr319@gt.edu,2
1127,usr320@gt.edu,3
1131,usr320@gt.edu,2
1136,usr321@gt.edu,2
1137,usr321@gt.edu,3
1138,usr321@gt.edu,3
1141,usr322@gt.edu,2
1143,usr323@gt.edu,5
1145,usr324@gt.edu,2
1146,usr325@gt.edu,3
1147,usr326@gt.edu,2
1148,usr326@gt.edu,4
1149,usr326@gt.edu,4
1152,usr327@gt.edu,4
1153,usr327@gt.edu,5
1154,usr327@gt.edu,3
1158,usr329@gt.edu,5
1165,usr332@gt.edu,1
1171,usr334@gt.edu,1
1174,usr335@gt.edu,3
1175,usr335@gt.edu,2
1176,usr335@gt.edu,5
1177,usr335@gt.edu,2
1184,usr337@gt.edu,5
1186,usr337@gt.edu,3
1187,usr338@gt.edu,3
1191,usr339@gt.edu,5
1194,usr340@gt.edu,4
1195,usr340@gt.edu,3
1196,usr340@gt.edu,1
1200,usr341@gt.edu,3
1202,usr342@gt.edu,3
1206,usr343@gt.edu,4
1212,usr345@gt.edu,5
1213,usr345@gt.edu,1
1215,usr347@gt.edu,4
1220,usr348@gt.edu,2
1223,usr350@gt.edu,4
1226,usr350@gt.edu,2
1228,usr351@gt.edu,4
1229,usr351@gt.edu,4
1239,usr353@gt.edu,1
1240,usr353@gt.edu,4
1248,usr355@gt.edu,3
1250,usr356@gt.edu,2
1252,usr356@gt.edu,2
1254,usr357@gt.edu,3
1257,usr358@gt.edu,2
1258,usr358@gt.edu,5
1259,usr358@gt.edu,4
1269,usr361@gt.edu,4
1272,usr361@gt.edu,1
1273,usr363@gt.edu,4
1277,usr364@gt.edu,2
1278,usr365@gt.edu,2
1279,usr366@gt.edu,3
1280,usr366@gt.edu,3
1281,usr366@gt.edu,1
1282,usr366@gt.edu,2
1284,usr367@gt.edu,5
1288,usr368@gt.edu,1
1300,usr371@gt.edu,4
1302,usr371@gt.edu,1
1306,usr372@gt.edu,2
1307,usr373@gt.edu,3
1308,usr373@gt.edu,3
1309,usr373@gt.edu,3
1312,usr374@gt.edu,1
1314,usr374@gt.edu,5
1318,usr375@gt.edu,4
1321,usr376@gt.edu,5
1324,usr378@gt.edu,3
1325,usr378@gt.edu,5
1340,usr383@gt.edu,2
1344,usr384@gt.edu,3
1347,usr384@gt.edu,4
1348,usr385@gt.edu,5
1350,usr386@gt.edu,2
1351,usr386@gt.edu,2
1353,usr387@gt.edu,4
1356,usr388@gt.edu,1
1358,usr389@gt.edu,5
1359,usr389@gt.edu,1
1369,usr392@gt.edu,1
1370,usr392@gt.edu,4
1371,usr393@gt.edu,1
1372,usr394@gt.edu,3
1373,usr394@gt.edu,3
1377,usr395@gt.edu,2
1378,usr396@gt.edu,4
1384,usr397@gt.edu,1
1388,usr398@gt.edu,5
1389,usr398@gt.edu,5
1395,usr400@gt.edu,1
1396,usr400@gt.edu,4
1405,usr402@gt.edu,4
1409,usr402@gt.edu,4
1412,usr403@gt.edu,4
1413,usr404@gt.edu,4
1420,usr405@gt.edu,3
1421,usr406@gt.edu,5
1422,usr406@gt.edu,3
1430,usr408@gt.edu,1
1431,usr408@gt.edu,5
1433,usr409@gt.edu,5
1434,usr409@gt.edu,2
1439,usr411@gt.edu,3
1441,usr411@gt.edu,3
1442,usr411@gt.edu,4
1443,usr412@gt.edu,2
1444,usr412@gt.edu,1
1448,usr413@gt.edu,4
1450,usr414@gt.edu,3
1462,usr417@gt.edu,1
1463,usr417@gt.edu,2
1468,usr419@gt.edu,5
1470,usr419@gt.edu,3
1472,usr420@gt.edu,3
1473,usr420@gt.edu,4
1474,usr420@gt.edu,1
1475,usr421@gt.edu,1
1480,usr423@gt.edu,3
1481,usr424@gt.edu,2
1484,usr424@gt.edu,2
1487,usr426@gt.edu,5
1490,usr427@gt.edu,2
1495,usr428@gt.edu,2
1496,usr429@gt.edu,3
1497,usr429@gt.edu,4
1503,usr431@gt.edu,3
1505,usr432@gt.edu,3
1508,usr434@gt.edu,5
1512,usr435@gt.edu,3
1514,usr435@gt.edu,3
1516,usr435@gt.edu,5
1522,usr437@gt.edu,1
1524,usr438@gt.edu,3
1528,usr438@gt.edu,5
1535,usr440@gt.edu,3
1536,usr440@gt.edu,5
1542,usr442@gt.edu,3
1543,usr442@gt.edu,5
1546,usr443@gt.edu,2
1548,usr443@gt.edu,4
1551,usr444@gt.edu,5
1554,usr445@gt.edu,1
1558,usr446@gt.edu,1
1560,usr447@gt.edu,1
1569,usr449@gt.edu,5
1575,usr451@gt.edu,2
1579,usr452@gt.edu,4
1581,usr452@gt.edu,5
1583,usr453@gt.edu,2
1584,usr453@gt.edu,1
1589,usr455@gt.edu,1
1590,usr455@gt.edu,4
1593,usr456@gt.edu,4
1597,usr457@gt.edu,4
1598,usr457@gt.edu,1
1601,usr457@gt.edu,5
1603,usr458@gt.edu,5
1604,usr459@gt.edu,1
1610,usr461@gt.edu,4
1612,usr461@gt.edu,1
1613,usr461@gt.edu,5
1614,usr462@gt.edu,2
1615,usr463@gt.edu,1
1619,usr464@gt.edu,5
1620,usr464@gt.edu,2
1626,usr466@gt.edu,3
1630,usr467@gt.edu,4
1632,usr467@gt.edu,1
1633,usr468@gt.edu,4
1638,usr469@gt.edu,2
1641,usr470@gt.edu,3
1642,usr470@gt.edu,2
1648,usr472@gt.edu,1
1649,usr472@gt.edu,4
1653,usr474@gt.edu,2
1655,usr475@gt.edu,2
1658,usr476@gt.edu,3
1659,usr476@gt.edu,4
1664,usr477@gt.edu,5
1673,usr478@gt.edu,3
1675,usr479@gt.edu,3
1679,usr481@gt.edu,1
1680,usr481@gt.edu,3
1682,usr482@gt.edu,3
1684,usr483@gt.edu,5
1695,usr486@gt.edu,1
1698,usr486@gt.edu,1
1700,usr487@gt.edu,5
1701,usr487@gt.edu,2
1704,usr488@gt.edu,2
1705,usr488@gt.edu,3
1708,usr489@gt.edu,2
1713,usr491@gt.edu,2
1716,usr492@gt.edu,1
1717,usr493@gt.edu,5
1721,usr495@gt.edu,4
1722,usr496@gt.edu,4
1724,usr497@gt.edu,1
1727,usr498@gt.edu,4
1728,usr498@gt.edu,2
1729,usr498@gt.edu,1
1730,usr498@gt.edu,5
1731,usr498@gt.edu,3
1733,usr498@gt.edu,2
1734,usr498@gt.edu,3
1736,usr499@gt.edu,3
1741,usr500@gt.edu,5
1742,usr500@gt.edu,5
1743,usr501@gt.edu,3
1750,usr502@gt.edu,4
1754,usr504@gt.edu,5
1756,usr505@gt.edu,5
1758,usr505@gt.edu,4
1760,usr506@gt.edu,1
1762,usr506@gt.edu,1
1763,usr506@gt.edu,1
1764,usr507@gt.edu,2
1766,usr507@gt.edu,1
1767,usr507@gt.edu,2
1769,usr508@gt.edu,1
1770,usr509@gt.edu,2
1775,usr511@gt.edu,5
1776,usr511@gt.edu,2
1777,usr511@gt.edu,2
1778,usr512@gt.edu,1
1780,usr512@gt.edu,3
1782,usr513@gt.edu,4
1783,usr513@gt.edu,4
1789,usr515@gt.edu,1
1793,usr517@gt.edu,1
1796,usr518@gt.edu,1
1797,usr519@gt.edu,3
1800,usr520@gt.edu,5
1801,usr520@gt.edu,3
1803,usr520@gt.edu,3
1805,usr521@gt.edu,5
1810,usr522@gt.edu,5
1811,usr522@gt.edu,4
1821,usr524@gt.edu,3
1824,usr524@gt.edu,3
1826,usr525@gt.edu,5
1828,usr525@gt.edu,2
1832,usr527@gt.edu,3
1833,usr527@gt.edu,2
1835,usr527@gt.edu,2
1837,usr528@gt.edu,5
1840,usr529@gt.edu,4
1844,usr530@gt.edu,5
1846,usr530@gt.edu,3
1847,usr530@gt.edu,5
1849,usr532@gt.edu,1
1851,usr532@gt.edu,1
1854,usr532@gt.edu,1
1856,usr533@gt.edu,1
1858,usr533@gt.edu,4
1860,usr534@gt.edu,5
1866,usr535@gt.edu,2
1871,usr536@gt.edu,5
1872,usr536@gt.edu,2
1874,usr537@gt.edu,4
1877,usr538@gt.edu,1
1878,usr538@gt.edu,2
1879,usr538@gt.edu,3
1880,usr539@gt.edu,4
1881,usr539@gt.edu,5
1883,usr539@gt.edu,5
1884,usr540@gt.edu,4
1885,usr540@gt.edu,2
1889,usr541@gt.edu,3
1890,usr542@gt.edu,5
1891,usr542@gt.edu,5
1892,usr542@gt.edu,5
1894,usr543@gt.edu,1
1896,usr543@gt.edu,1
1900,usr544@gt.edu,2
1904,usr545@gt.edu,5
1905,usr545@gt.edu,1
1907,usr545@gt.edu,1
1915,usr548@gt.edu,2
1917,usr549@gt.edu,3
1921,usr550@gt.edu,5
1923,usr551@gt.edu,1
1924,usr551@gt.edu,2
1927,usr552@gt.edu,1
1928,usr552@gt.edu,1
1929,usr552@gt.edu,4
1941,usr556@gt.edu,5
1942,usr557@gt.edu,2
1947,usr559@gt.edu,4
1949,usr560@gt.edu,2
1952,usr561@gt.edu,4
1953,usr561@gt.edu,5
1956,usr562@gt.edu,5
1957,usr563@gt.edu,3
1961,usr564@gt.edu,4
1963,usr564@gt.edu,3
1966,usr565@gt.edu,5
1967,usr565@gt.edu,1
1969,usr566@gt.edu,5
1972,usr567@gt.edu,3
1977,usr568@gt.edu,4
1990,usr572@gt.edu,1
1991,usr572@gt.edu,2
1992,usr573@gt.edu,5
1996,usr574@gt.edu,2
1998,usr575@gt.edu,2
1999,usr575@gt.edu,5
2004,usr577@gt.edu,5
2007,usr578@gt.edu,4
2016,usr580@gt.edu,1
2019,usr582@gt.edu,2
2022,usr583@gt.edu,1
2024,usr584@gt.edu,2
2026,usr585@gt.edu,3
2032,usr586@gt.edu,2
2035,usr587@gt.edu,1
2036,usr588@gt.edu,1
2038,usr588@gt.edu,1
2040,usr589@gt.edu,2
2041,usr589@gt.edu,4
2042,usr590@gt.edu,3
2045,usr590@gt.edu,3
2046,usr591@gt.edu,5
2051,usr592@gt.edu,1
2052,usr592@gt.edu,3
2058,usr593@gt.edu,4
2059,usr593@gt.edu,5
2069,usr596@gt.edu,2
2070,usr597@gt.edu,1
2071,usr597@gt.edu,1
2072,usr598@gt.edu,5
2074,usr598@gt.edu,3
2078,usr600@gt.edu,1
2082,usr601@gt.edu,3
2084,usr602@gt.edu,3
2086,usr603@gt.edu,2
2087,usr603@gt.edu,5
2088,usr604@gt.edu,1
2090,usr605@gt.edu,3
2091,usr605@gt.edu,1
2094,usr606@gt.edu,1
2096,usr607@gt.edu,2
2097,usr607@gt.edu,4
2098,usr608@gt.edu,2
2099,usr608@gt.edu,4
2100,usr609@gt.edu,4
2102,usr610@gt.edu,3
2103,usr611@gt.edu,4
2104,usr611@gt.edu,1
2106,usr612@gt.edu,4
2107,usr612@gt.edu,2
2108,usr612@gt.edu,3
2109,usr612@gt.edu,3
2110,usr613@gt.edu,3
2111,usr613@gt.edu,4
2113,usr614@gt.edu,5
2115,usr614@gt.edu,3
2116,usr614@gt.edu,5
2117,usr615@gt.edu,4
2121,usr617@gt.edu,3
2122,usr617@gt.edu,4
2123,usr617@gt.edu,5
2125,usr618@gt.edu,2
2127,usr618@gt.edu,4
2128,usr619@gt.edu,5
2129,usr619@gt.edu,5
2131,usr619@gt.edu,5
2135,usr620@gt.edu,2
2141,usr621@gt.edu,1
2147,usr623@gt.edu,5
2150,usr624@gt.edu,4
2152,usr624@gt.edu,1
2155,usr625@gt.edu,2
2156,usr625@gt.edu,3
2157,usr626@gt.edu,2
2158,usr626@gt.edu,3
2159,usr626@gt.edu,4
2162,usr628@gt.edu,3
2163,usr628@gt.edu,5
2166,usr629@gt.edu,4
2167,usr629@gt.edu,3
2169,usr630@gt.edu,1
2171,usr630@gt.edu,5
2172,usr630@gt.edu,4
2175,usr631@gt.edu,5
2182,usr633@gt.edu,1
2183,usr633@gt.edu,4
2185,usr634@gt.edu,3
2186,usr635@gt.edu,3
2190,usr636@gt.edu,2
2191,usr636@gt.edu,1
2193,usr637@gt.edu,1
2195,usr637@gt.edu,3
2201,usr639@gt.edu,1
2202,usr640@gt.edu,4
2209,usr642@gt.edu,3
2210,usr642@gt.edu,5
2212,usr643@gt.edu,5
2213,usr643@gt.edu,1
2214,usr644@gt.edu,4
2216,usr644@gt.edu,3
2220,usr645@gt.edu,3
2221,usr645@gt.edu,4
2225,usr646@gt.edu,1
2230,usr648@gt.edu,5
2234,usr650@gt.edu,4
2235,usr650@gt.edu,3
2236,usr650@gt.edu,4
2238,usr651@gt.edu,5
2241,usr652@gt.edu,2
2244,usr653@gt.edu,3
2247,usr653@gt.edu,5
2249,usr654@gt.edu,4
2251,usr654@gt.edu,3
2258,usr656@gt.edu,4
2260,usr656@gt.edu,1
2263,usr657@gt.edu,4
2264,usr657@gt.edu,4
2271,usr659@gt.edu,2
2280,usr661@gt.edu,3
2281,usr662@gt.edu,2
2282,usr662@gt.edu,4
2284,usr663@gt.edu,4
2288,usr663@gt.edu,2
2294,usr665@gt.edu,2
2297,usr666@gt.edu,1
2302,usr667@gt.edu,5
2309,usr669@gt.edu,2
2310,usr669@gt.edu,4
2313,usr670@gt.edu,3
2317,usr671@gt.edu,3
2318,usr671@gt.edu,5
2319,usr671@gt.edu,4
2320,usr671@gt.edu,4
2325,usr674@gt.edu,2
2328,usr675@gt.edu,3
2329,usr675@gt.edu,4
2332,usr676@gt.edu,2
2334,usr676@gt.edu,1
2335,usr676@gt.edu,3
2336,usr676@gt.edu,1
2338,usr677@gt.edu,4
2346,usr679@gt.edu,3
2347,usr679@gt.edu,2
2349,usr680@gt.edu,5
2350,usr680@gt.edu,4
2352,usr681@gt.edu,1
2356,usr681@gt.edu,1
2358,usr682@gt.edu,4
2361,usr683@gt.edu,4
2368,usr684@gt.edu,5
2369,usr684@gt.edu,2
2387,usr689@gt.edu,4
2397,usr692@gt.edu,2
2398,usr692@gt.edu,2
2401,usr693@gt.edu,4
2403,usr694@gt.edu,5
2409,usr696@gt.edu,4
2416,usr697@gt.edu,3
2418,usr698@gt.edu,4
2419,usr698@gt.edu,1
2423,usr700@gt.edu,1
2424,usr700@gt.edu,1
2426,usr701@gt.edu,5
2433,usr702@gt.edu,1
2436,usr704@gt.edu,5
2437,usr705@gt.edu,5
2438,usr705@gt.edu,5
2439,usr706@gt.edu,2
2444,usr707@gt.edu,5
2445,usr707@gt.edu,3
2446,usr708@gt.edu,5
2449,usr708@gt.edu,1
2451,usr709@gt.edu,1
2453,usr709@gt.edu,1
2458,usr711@gt.edu,5
2462,usr712@gt.edu,4
2466,usr713@gt.edu,5
2472,usr716@gt.edu,2
2473,usr716@gt.edu,5
2476,usr717@gt.edu,3
2477,usr717@gt.edu,1
2479,usr718@gt.edu,1
2483,usr719@gt.edu,2
2484,usr719@gt.edu,4
2485,usr720@gt.edu,4
2486,usr720@gt.edu,4
2489,usr721@gt.edu,5
2491,usr722@gt.edu,4
2492,usr723@gt.edu,5
2497,usr724@gt.edu,2
2499,usr725@gt.edu,3
2501,usr725@gt.edu,5
2503,usr726@gt.edu,5
2506,usr728@gt.edu,5
2509,usr728@gt.edu,4
2511,usr729@gt.edu,4
2512,usr729@gt.edu,1
2513,usr729@gt.edu,4
2514,usr729@gt.edu,4
2515,usr729@gt.edu,3
2516,usr729@gt.edu,4
2517,usr730@gt.edu,5
2525,usr731@gt.edu,2
2526,usr731@gt.edu,1
2527,usr731@gt.edu,1
2528,usr732@gt.edu,2
2529,usr732@gt.edu,4
2530,usr732@gt.edu,3
2532,usr733@gt.edu,5
2535,usr734@gt.edu,2
2538,usr735@gt.edu,3
2539,usr735@gt.edu,3
2541,usr736@gt.edu,4
2545,usr737@gt.edu,2
2566,usr743@gt.edu,2
2568,usr744@gt.edu,1
2570,usr744@gt.edu,4
2573,usr745@gt.edu,5
2574,usr745@gt.edu,5
2576,usr746@gt.edu,4
2583,usr748@gt.edu,1
2586,usr749@gt.edu,4
2591,usr750@gt.edu,3
2595,usr751@gt.edu,4
2596,usr752@gt.edu,1
2598,usr753@gt.edu,3
2599,usr753@gt.edu,3
2603,usr754@gt.edu,3
2604,usr755@gt.edu,2
2607,usr756@gt.edu,2
2608,usr756@gt.edu,3
2611,usr758@gt.edu,2
2621,usr761@gt.edu,2
2624,usr762@gt.edu,3
2626,usr763@gt.edu,3
2628,usr763@gt.edu,1
2629,usr764@gt.edu,5
2637,usr767@gt.edu,5
2639,usr768@gt.edu,5
2641,usr768@gt.edu,1
2642,usr769@gt.edu,5
2644,usr769@gt.edu,5
2645,usr770@gt.edu,5
2646,usr770@gt.edu,5
2651,usr771@gt.edu,5
2652,usr771@gt.edu,4
2656,usr772@gt.edu,5
2657,usr772@gt.edu,1
2661,usr774@gt.edu,5
2664,usr775@gt.edu,3
2667,usr776@gt.edu,1
2671,usr777@gt.edu,3
2672,usr777@gt.edu,3
2675,usr778@gt.edu,3
2681,usr780@gt.edu,2
2684,usr781@gt.edu,1
2687,usr782@gt.edu,1
2689,usr783@gt.edu,4
2692,usr783@gt.edu,2
2694,usr783@gt.edu,4
2700,usr785@gt.edu,4
2702,usr786@gt.edu,1
2712,usr788@gt.edu,1
2713,usr788@gt.edu,5
2714,usr789@gt.edu,3
2717,usr790@gt.edu,2
2720,usr791@gt.edu,4
2728,usr794@gt.edu,1
2732,usr796@gt.edu,4
2733,usr796@gt.edu,1
2738,usr798@gt.edu,4
2740,usr798@gt.edu,2
2741,usr799@gt.edu,3
2742,usr799@gt.edu,4
2744,usr801@gt.edu,3
2745,usr801@gt.edu,4
2755,usr805@gt.edu,2
2758,usr805@gt.edu,3
2759,usr806@gt.edu,3
2761,usr806@gt.edu,1
2762,usr806@gt.edu,1
2764,usr807@gt.edu,1
2765,usr807@gt.edu,5
2773,usr809@gt.edu,1
2775,usr810@gt.edu,5
2787,usr812@gt.edu,4
2794,usr813@gt.edu,3
2795,usr813@gt.edu,3
2801,usr815@gt.edu,1
2806,usr816@gt.edu,4
2807,usr816@gt.edu,5
2811,usr817@gt.edu,5
2813,usr818@gt.edu,1
2819,usr819@gt.edu,4
2821,usr819@gt.edu,3
2829,usr821@gt.edu,3
2833,usr822@gt.edu,4
2834,usr822@gt.edu,4
2844,usr825@gt.edu,1
2847,usr826@gt.edu,3
2848,usr826@gt.edu,3
2851,usr828@gt.edu,1
2855,usr829@gt.edu,4
2857,usr830@gt.edu,1
2861,usr831@gt.edu,1
2865,usr832@gt.edu,5
2870,usr834@gt.edu,4
2874,usr834@gt.edu,5
2876,usr835@gt.edu,5
2880,usr836@gt.edu,4
2883,usr837@gt.edu,1
2885,usr837@gt.edu,4
2886,usr837@gt.edu,2
2893,usr840@gt.edu,3
2894,usr840@gt.edu,3
2895,usr840@gt.edu,5
2901,usr842@gt.edu,1
2903,usr842@gt.edu,1
2906,usr842@gt.edu,5
2915,usr845@gt.edu,4
2919,usr846@gt.edu,4
2921,usr847@gt.edu,2
2926,usr848@gt.edu,4
2936,usr851@gt.edu,5
2948,usr854@gt.edu,1
2949,usr854@gt.edu,2
2955,usr857@gt.edu,2
2963,usr859@gt.edu,3
2974,usr863@gt.edu,4
2975,usr863@gt.edu,1
2978,usr864@gt.edu,5
2980,usr865@gt.edu,2
2982,usr865@gt.edu,3
2985,usr867@gt.edu,1
2986,usr867@gt.edu,5
2988,usr868@gt.edu,4
2995,usr870@gt.edu,4
3000,usr871@gt.edu,4
3002,usr872@gt.edu,2
3003,usr873@gt.edu,5
3006,usr874@gt.edu,1
3010,usr875@gt.edu,2
3011,usr875@gt.edu,2
3017,usr877@gt.edu,2
3019,usr877@gt.edu,2
3023,usr878@gt.edu,5
3026,usr879@gt.edu,2
3027,usr879@gt.edu,2
3029,usr880@gt.edu,4
3036,usr883@gt.edu,5
3038,usr884@gt.edu,1
3040,usr885@gt.edu,1
3046,usr887@gt.edu,2
3048,usr888@gt.edu,5
3052,usr890@gt.edu,3
3056,usr891@gt.edu,2
3057,usr892@gt.edu,1
3058,usr892@gt.edu,5
3066,usr893@gt.edu,4
3068,usr894@gt.edu,1
3073,usr895@gt.edu,1
3082,usr897@gt.edu,2
3085,usr897@gt.edu,3
3087,usr898@gt.edu,4
3092,usr899@gt.edu,1
3093,usr899@gt.edu,4
3094,usr899@gt.edu,4
3097,usr901@gt.edu,5
3101,usr903@gt.edu,1
3108,usr905@gt.edu,2
3109,usr906@gt.edu,5
3111,usr906@gt.edu,4
3115,usr907@gt.edu,3
3116,usr907@gt.edu,1
3117,usr907@gt.edu,2
3118,usr908@gt.edu,5
3119,usr909@gt.edu,1
3120,usr909@gt.edu,2
3126,usr911@gt.edu,5
3134,usr912@gt.edu,5
3135,usr912@gt.edu,2
3136,usr912@gt.edu,5
3137,usr913@gt.edu,2
3138,usr913@gt.edu,4
3142,usr914@gt.edu,3
3145,usr916@gt.edu,4
3146,usr916@gt.edu,2
3147,usr916@gt.edu,1
3152,usr918@gt.edu,2
3156,usr919@gt.edu,5
3159,usr920@gt.edu,2
3164,usr922@gt.edu,1
3165,usr922@gt.edu,4
3168,usr923@gt.edu,2
3169,usr923@gt.edu,3
3178,usr927@gt.edu,3
3180,usr927@gt.edu,3
3182,usr928@gt.edu,4
3186,usr929@gt.edu,1
3191,usr930@gt.edu,2
3193,usr931@gt.edu,2
3194,usr931@gt.edu,3
3195,usr931@gt.edu,4
3196,usr931@gt.edu,4
3198,usr932@gt.edu,3
3200,usr933@gt.edu,2
3201,usr933@gt.edu,2
3202,usr933@gt.edu,4
3203,usr933@gt.edu,3
3204,usr933@gt.edu,3
3206,usr934@gt.edu,4
3207,usr935@gt.edu,2
3208,usr935@gt.edu,5
3209,usr936@gt.edu,2
3218,usr938@gt.edu,5
3219,usr938@gt.edu,2
3220,usr938@gt.edu,1
3221,usr939@gt.edu,4
3225,usr940@gt.edu,1
3229,usr941@gt.edu,4
3232,usr942@gt.edu,3
3233,usr942@gt.edu,2
3234,usr942@gt.edu,4
3235,usr943@gt.edu,5
3236,usr943@gt.edu,3
3239,usr943@gt.edu,4
3240,usr943@gt.edu,1
3242,usr944@gt.edu,3
3249,usr945@gt.edu,3
3250,usr945@gt.edu,4
3254,usr947@gt.edu,4
3256,usr947@gt.edu,2
3257,usr947@gt.edu,3
3258,usr948@gt.edu,3
3260,usr949@gt.edu,3
3261,usr949@gt.edu,4
3264,usr950@gt.edu,3
3266,usr951@gt.edu,2
3267,usr952@gt.edu,5
3268,usr952@gt.edu,3
3272,usr954@gt.edu,2
3273,usr954@gt.edu,4
3278,usr956@gt.edu,5
3279,usr956@gt.edu,3
3280,usr956@gt.edu,1
3284,usr958@gt.edu,3
3286,usr959@gt.edu,3
3287,usr959@gt.edu,1
3293,usr961@gt.edu,3
3306,usr966@gt.edu,2
3307,usr966@gt.edu,4
3319,usr969@gt.edu,1
3321,usr969@gt.edu,1
3322,usr970@gt.edu,2
3323,usr970@gt.edu,1
3326,usr971@gt.edu,5
3331,usr973@gt.edu,3
3338,usr975@gt.edu,1
3339,usr975@gt.edu,4
3342,usr976@gt.edu,1
3351,usr978@gt.edu,3
3356,usr980@gt.edu,4
3358,usr981@gt.edu,5
3360,usr981@gt.edu,1
3366,usr982@gt.edu,5
3371,usr985@gt.edu,4
3372,usr985@gt.edu,5
3374,usr986@gt.edu,3
3382,usr988@gt.edu,2
3387,usr989@gt.edu,5
3388,usr989@gt.edu,4
3389,usr990@gt.edu,4
3392,usr990@gt.edu,3
3399,usr992@gt.edu,2
3400,usr992@gt.edu,5
3404,usr993@gt.edu,2
3406,usr994@gt.edu,1
3407,usr994@gt.edu,3
3415,usr995@gt.edu,1
3417,usr996@gt.edu,2
3418,usr997@gt.edu,5
3419,usr997@gt.edu,4
3424,usr998@gt.edu,4
3426,usr999@gt.edu,5
